CUSIP,Ticker,Company,Shares,Value,Delta_Value,Delta,Portfolio%
67079K100,SMR,NUSCALE PWR CORP,33400,472.94K,472.94K,NEW,0.23%
30303M102,META,META PLATFORMS INC,820,472.62K,371.75K,+368.6%,0.23%
931142103,WMT,WALMART INC,38609,3.39M,243.62K,+7.7%,1.7%
00724F101,ADBE,ADOBE INC,1625,623.24K,243.54K,+64.1%,0.31%
24703L202,DELL,DELL TECHNOLOGIES INC,8805,802.58K,229.24K,+40%,0.4%
060505104,BAC,BANK AMERICA CORP,102794,4.29M,209.36K,+5.1%,2.1%
36828A101,GEV,GE VERNOVA INC,3685,1.12M,204.54K,+22.2%,0.56%
03831W108,APP,APPLOVIN CORP,700,185.48K,185.48K,NEW,0.09%
149123101,CAT,CATERPILLAR INC,8115,2.68M,173.15K,+6.9%,1.3%
532457108,LLY,ELI LILLY & CO,2621,2.16M,135.45K,+6.7%,1.1%
576323109,MTZ,MASTEC INC,16484,1.92M,134.22K,+7.5%,0.95%
G29183103,ETN,EATON CORP PLC,1074,291.95K,122.32K,+72.1%,0.14%
78781J109,SAIL,SAILPOINT INC,6000,112.5K,112.5K,NEW,0.06%
78462F103,SPY,SPDR S&P 500 ETF TR,2238,1.25M,111.32K,+9.8%,0.62%
46090E103,QQQ,INVESCO QQQ TR,1075,504.09K,91.44K,+22.2%,0.25%
02079K107,GOOG,ALPHABET INC,29572,4.62M,91.39K,+2%,2.3%
922908736,VUG,VANGUARD INDEX FDS,1752,649.68K,90.48K,+16.2%,0.32%
11135F101,AVGO,BROADCOM INC,2330,390.11K,83.72K,+27.3%,0.19%
36242H104,GDV,GABELLI DIVID & INCOME TR,19175,462.69K,82.04K,+21.6%,0.23%
58933Y105,MRK,MERCK & CO INC,18877,1.69M,78.54K,+4.9%,0.84%
92343V104,VZ,VERIZON COMMUNICATIONS INC,39673,1.8M,77.11K,+4.5%,0.89%
097023105,BA,BOEING CO,10663,1.82M,75.04K,+4.3%,0.9%
91324P102,UNH,UNITEDHEALTH GROUP INC,1271,665.69K,73.33K,+12.4%,0.33%
464287788,IYF,ISHARES TR,1605,181.12K,68.84K,+61.3%,0.09%
368736104,GNRC,GENERAC HLDGS INC,500,63.33K,63.33K,NEW,0.03%
594918104,MSFT,MICROSOFT CORP,11489,4.31M,53.3K,+1.3%,2.1%
49456B101,KMI,KINDER MORGAN INC DEL,53245,1.52M,51.35K,+3.5%,0.75%
G8994E103,TT,TRANE TECHNOLOGIES PLC,466,157K,50.54K,+47.5%,0.08%
78463V107,GLD,SPDR GOLD TR,5848,1.69M,43.22K,+2.6%,0.83%
68389X105,ORCL,ORACLE CORP,1472,205.8K,34.95K,+20.5%,0.1%
38141G104,GS,GOLDMAN SACHS GROUP INC,1315,718.37K,27.31K,+4%,0.36%
78467X109,DIA,SPDR DOW JONES INDL AVERAGE,2119,889.73K,27.29K,+3.2%,0.44%
389637109,GBTC,GRAYSCALE BITCOIN TRUST ETF,12995,846.88K,26.07K,+3.2%,0.42%
892356106,TSCO,TRACTOR SUPPLY CO,9950,548.25K,24.8K,+4.7%,0.27%
713448108,PEP,PEPSICO INC,4302,645.04K,22.49K,+3.6%,0.32%
717081103,PFE,PFIZER INC,49152,1.25M,20.27K,+1.7%,0.62%
023135106,AMZN,AMAZON COM INC,24986,4.75M,16.17K,+0.3%,2.3%
025816109,AXP,AMERICAN EXPRESS CO,340,91.48K,9.42K,+11.5%,0.05%
46284V101,IRM,IRON MTN INC DEL,24742,2.13M,8.6K,+0.4%,1.1%
02072L722,DRLL,EA SERIES TRUST,3885,115.39K,8.46K,+7.9%,0.06%
26441C204,DUK,DUKE ENERGY CORP NEW,12566,1.53M,6.1K,+0.4%,0.76%
81369Y605,XLF,SELECT SECTOR SPDR TR,3555,177.07K,2.74K,+1.6%,0.09%
754907103,RYN,RAYONIER INC,2090,58.26K,2.51K,+4.5%,0.03%
84265V105,SCCO,SOUTHERN COPPER CORP,3511,324.88K,2.22K,+0.7%,0.16%
032108474,MJ,AMPLIFY ETF TR,108,2.11K,2.11K,NEW,<.01%
858568108,SCM,STELLUS CAP INVT CORP,98228,1.38M,1.01K,+0.1%,0.68%
19247L106,RQI,COHEN & STEERS QUALITY INCOM,1081,13.58K,75,+0.6%,<.01%
499238202,USBC,KNOW LABS INC,107,73,73,NEW,<.01%
166764100,CVX,CHEVRON CORP NEW,20384,3.41M,0,NO CHANGE,1.7%
464287309,IVW,ISHARES TR,35000,3.25M,0,NO CHANGE,1.6%
464287408,IVE,ISHARES TR,13330,2.54M,0,NO CHANGE,1.3%
64110L106,NFLX,NETFLIX INC,2677,2.5M,0,NO CHANGE,1.2%
921946406,VYM,VANGUARD WHITEHALL FDS,12291,1.59M,0,NO CHANGE,0.78%
75513E101,RTX,RTX CORPORATION,8693,1.15M,0,NO CHANGE,0.57%
00206R102,T,AT&T INC,39974,1.13M,0,NO CHANGE,0.56%
00287Y109,ABBV,ABBVIE INC,4688,982.23K,0,NO CHANGE,0.49%
609207105,MDLZ,MONDELEZ INTL INC,13735,931.92K,0,NO CHANGE,0.46%
82509L107,SHOP,SHOPIFY INC,9450,902.29K,0,NO CHANGE,0.45%
02209S103,MO,ALTRIA GROUP INC,14881,893.16K,0,NO CHANGE,0.44%
842587107,SO,SOUTHERN CO,8896,817.99K,0,NO CHANGE,0.4%
30231G102,XOM,EXXON MOBIL CORP,6262,744.74K,0,NO CHANGE,0.37%
09260D107,BX,BLACKSTONE INC,5255,734.54K,0,NO CHANGE,0.36%
464287630,IWN,ISHARES TR,4851,732.4K,0,NO CHANGE,0.36%
35671D857,FCX,FREEPORT-MCMORAN INC,18301,692.88K,0,NO CHANGE,0.34%
464287606,IJK,ISHARES TR,8016,667.57K,0,NO CHANGE,0.33%
464287648,IWO,ISHARES TR,2575,657.99K,0,NO CHANGE,0.33%
718172109,PM,PHILIP MORRIS INTL INC,3846,610.48K,0,NO CHANGE,0.3%
828806109,SPG,SIMON PPTY GROUP INC NEW,3415,567.16K,0,NO CHANGE,0.28%
85571B105,STWD,STARWOOD PPTY TR INC,27825,550.1K,0,NO CHANGE,0.27%
883556102,TMO,THERMO FISHER SCIENTIFIC INC,1087,540.89K,0,NO CHANGE,0.27%
025537101,AEP,AMERICAN ELEC PWR CO INC,4693,512.8K,0,NO CHANGE,0.25%
464288885,EFG,ISHARES TR,5007,500.7K,0,NO CHANGE,0.25%
780259305,SHEL,SHELL PLC,6590,482.92K,0,NO CHANGE,0.24%
L8681T102,SPOT,SPOTIFY TECHNOLOGY S A,855,470.28K,0,NO CHANGE,0.23%
110122108,BMY,BRISTOL-MYERS SQUIBB CO,7659,467.12K,0,NO CHANGE,0.23%
691497309,OXM,OXFORD INDS INC,7934,465.49K,0,NO CHANGE,0.23%
464287465,EFA,ISHARES TR,5179,423.28K,0,NO CHANGE,0.21%
988498101,YUM,YUM BRANDS INC,2618,411.97K,0,NO CHANGE,0.2%
375558103,GILD,GILEAD SCIENCES INC,3675,411.79K,0,NO CHANGE,0.2%
172967424,C,CITIGROUP INC,5675,402.87K,0,NO CHANGE,0.2%
922908363,VOO,VANGUARD INDEX FDS,740,380.29K,0,NO CHANGE,0.19%
452308109,ITW,ILLINOIS TOOL WKS INC,1477,366.31K,0,NO CHANGE,0.18%
91913Y100,VLO,VALERO ENERGY CORP,2665,351.97K,0,NO CHANGE,0.17%
032654105,ADI,ANALOG DEVICES INC,1700,342.84K,0,NO CHANGE,0.17%
464288240,ACWX,ISHARES TR,6100,338.25K,0,NO CHANGE,0.17%
655844108,NSC,NORFOLK SOUTHN CORP,1428,338.22K,0,NO CHANGE,0.17%
907818108,UNP,UNION PAC CORP,1404,331.68K,0,NO CHANGE,0.16%
855244109,SBUX,STARBUCKS CORP,3215,315.36K,0,NO CHANGE,0.16%
718546104,PSX,PHILLIPS 66,2502,308.95K,0,NO CHANGE,0.15%
002824100,ABT,ABBOTT LABS,2285,303.11K,0,NO CHANGE,0.15%
031162100,AMGN,AMGEN INC,962,299.71K,0,NO CHANGE,0.15%
464287226,AGG,ISHARES TR,3000,296.76K,0,NO CHANGE,0.15%
053015103,ADP,AUTOMATIC DATA PROCESSING IN,955,291.78K,0,NO CHANGE,0.14%
16411R208,LNG,CHENIERE ENERGY INC,1200,277.68K,0,NO CHANGE,0.14%
931427108,WBA,WALGREENS BOOTS ALLIANCE INC,22800,254.68K,0,NO CHANGE,0.13%
22160K105,COST,COSTCO WHSL CORP NEW,269,254.41K,0,NO CHANGE,0.13%
038923108,ABR,ARBOR REALTY TRUST INC,20967,246.36K,0,NO CHANGE,0.12%
G54950103,LIN,LINDE PLC,508,236.55K,0,NO CHANGE,0.12%
291011104,EMR,EMERSON ELEC CO,2073,227.28K,0,NO CHANGE,0.11%
94106L109,WM,WASTE MGMT INC DEL,979,226.65K,0,NO CHANGE,0.11%
651639106,NEM,NEWMONT CORP,4600,222.09K,0,NO CHANGE,0.11%
833445109,SNOW,SNOWFLAKE INC,1500,219.24K,0,NO CHANGE,0.11%
363576109,AJG,GALLAGHER ARTHUR J & CO,580,200.24K,0,NO CHANGE,0.1%
31428X106,FDX,FEDEX CORP,790,192.59K,0,NO CHANGE,0.1%
65339F101,NEE,NEXTERA ENERGY INC,2689,190.62K,0,NO CHANGE,0.09%
37045V100,GM,GENERAL MTRS CO,3800,178.71K,0,NO CHANGE,0.09%
921943858,VEA,VANGUARD TAX-MANAGED FDS,3509,178.36K,0,NO CHANGE,0.09%
744320102,PRU,PRUDENTIAL FINL INC,1573,175.67K,0,NO CHANGE,0.09%
674215207,CHRD,CHORD ENERGY CORPORATION,1550,174.72K,0,NO CHANGE,0.09%
654106103,NKE,NIKE INC,2725,172.98K,0,NO CHANGE,0.09%
74347B201,TBT,PROSHARES TR,5068,170.54K,0,NO CHANGE,0.08%
92204A702,VGT,VANGUARD WORLD FD,298,161.63K,0,NO CHANGE,0.08%
949746101,WFC,WELLS FARGO CO NEW,2200,157.94K,0,NO CHANGE,0.08%
665859104,NTRS,NORTHERN TR CORP,1600,157.84K,0,NO CHANGE,0.08%
98978V103,ZTS,ZOETIS INC,956,157.41K,0,NO CHANGE,0.08%
40434L105,HPQ,HP INC,5450,150.91K,0,NO CHANGE,0.07%
512807306,LRCX,LAM RESEARCH CORP,2040,148.31K,0,NO CHANGE,0.07%
33939L407,GUNR,FLEXSHARES TR,3759,145.89K,0,NO CHANGE,0.07%
14448C104,CARR,CARRIER GLOBAL CORPORATION,2250,142.65K,0,NO CHANGE,0.07%
697435105,PANW,PALO ALTO NETWORKS INC,800,136.51K,0,NO CHANGE,0.07%
670100205,NVO,NOVO-NORDISK A S,1900,131.94K,0,NO CHANGE,0.07%
50212V100,LPLA,LPL FINL HLDGS INC,400,130.86K,0,NO CHANGE,0.06%
808524805,SCHF,SCHWAB STRATEGIC TR,5922,117.14K,0,NO CHANGE,0.06%
780287108,RGLD,ROYAL GOLD INC,700,114.46K,0,NO CHANGE,0.06%
438516106,HON,HONEYWELL INTL INC,529,112.02K,0,NO CHANGE,0.06%
808524201,SCHX,SCHWAB STRATEGIC TR,5025,110.95K,0,NO CHANGE,0.05%
59156R108,MET,METLIFE INC,1365,109.6K,0,NO CHANGE,0.05%
919794107,VLY,VALLEY NATL BANCORP,12000,106.68K,0,NO CHANGE,0.05%
189054109,CLX,CLOROX CO DEL,700,103.08K,0,NO CHANGE,0.05%
882508104,TXN,TEXAS INSTRS INC,565,101.53K,0,NO CHANGE,0.05%
46429B655,FLOT,ISHARES TR,1946,99.34K,0,NO CHANGE,0.05%
92204A405,VFH,VANGUARD WORLD FD,828,98.92K,0,NO CHANGE,0.05%
029899101,AWR,AMER STATES WTR CO,1250,98.35K,0,NO CHANGE,0.05%
260557103,DOW,DOW INC,2712,94.7K,0,NO CHANGE,0.05%
922908751,VB,VANGUARD INDEX FDS,424,94.02K,0,NO CHANGE,0.05%
747525103,QCOM,QUALCOMM INC,612,94.01K,0,NO CHANGE,0.05%
064058100,BK,BANK NEW YORK MELLON CORP,1100,92.26K,0,NO CHANGE,0.05%
92204A603,VIS,VANGUARD WORLD FD,368,91.1K,0,NO CHANGE,0.05%
13646K108,CP,CANADIAN PACIFIC KANSAS CITY,1296,90.99K,0,NO CHANGE,0.04%
084670702,BRK.B,BERKSHIRE HATHAWAY INC DEL,170,90.54K,0,NO CHANGE,0.04%
89832Q109,TFC,TRUIST FINL CORP,2171,89.34K,0,NO CHANGE,0.04%
247361702,DAL,DELTA AIR LINES INC DEL,2025,88.29K,0,NO CHANGE,0.04%
21037T109,CEG,CONSTELLATION ENERGY CORP,432,87.11K,0,NO CHANGE,0.04%
89151E109,TTE,TOTALENERGIES SE,1300,84.1K,0,NO CHANGE,0.04%
115236101,BRO,BROWN & BROWN INC,668,83.1K,0,NO CHANGE,0.04%
682680103,OKE,ONEOK INC NEW,800,79.38K,0,NO CHANGE,0.04%
962879102,WPM,WHEATON PRECIOUS METALS CORP,1000,77.63K,0,NO CHANGE,0.04%
G96629103,WTW,WILLIS TOWERS WATSON PLC LTD,227,76.72K,0,NO CHANGE,0.04%
767204100,RIO,RIO TINTO PLC,1200,72.1K,0,NO CHANGE,0.04%
464287507,IJH,ISHARES TR,1195,69.73K,0,NO CHANGE,0.03%
293792107,EPD,ENTERPRISE PRODS PARTNERS L,2000,68.28K,0,NO CHANGE,0.03%
46434V860,TFLO,ISHARES TR,1323,67.02K,0,NO CHANGE,0.03%
817565104,SCI,SERVICE CORP INTL,812,65.12K,0,NO CHANGE,0.03%
92204A504,VHT,VANGUARD WORLD FD,242,64.06K,0,NO CHANGE,0.03%
81369Y803,XLK,SELECT SECTOR SPDR TR,310,64.01K,0,NO CHANGE,0.03%
744573106,PEG,PUBLIC SVC ENTERPRISE GRP IN,750,61.73K,0,NO CHANGE,0.03%
369550108,GD,GENERAL DYNAMICS CORP,220,59.97K,0,NO CHANGE,0.03%
68902V107,OTIS,OTIS WORLDWIDE CORP,575,59.34K,0,NO CHANGE,0.03%
92532F100,VRTX,VERTEX PHARMACEUTICALS INC,121,58.66K,0,NO CHANGE,0.03%
46428Q109,SLV,ISHARES SILVER TR,1800,55.78K,0,NO CHANGE,0.03%
30161N101,EXC,EXELON CORP,1200,55.3K,0,NO CHANGE,0.03%
910047109,UAL,UNITED AIRLS HLDGS INC,800,55.24K,0,NO CHANGE,0.03%
674599105,OXY,OCCIDENTAL PETE CORP,1116,55.09K,0,NO CHANGE,0.03%
316092808,FTEC,FIDELITY COVINGTON TRUST,340,54.83K,0,NO CHANGE,0.03%
808524607,SCHA,SCHWAB STRATEGIC TR,2324,54.45K,0,NO CHANGE,0.03%
12572Q105,CME,CME GROUP INC,200,53.06K,0,NO CHANGE,0.03%
20030N101,CMCSA,COMCAST CORP NEW,1430,52.77K,0,NO CHANGE,0.03%
548661107,LOW,LOWES COS INC,220,51.31K,0,NO CHANGE,0.03%
46429B663,HDV,ISHARES TR,415,50.27K,0,NO CHANGE,0.02%
929740108,WAB,WABTEC,275,49.87K,0,NO CHANGE,0.02%
922042775,VEU,VANGUARD INTL EQUITY INDEX F,800,48.53K,0,NO CHANGE,0.02%
693475105,PNC,PNC FINL SVCS GROUP INC,273,47.99K,0,NO CHANGE,0.02%
126633205,UAN,CVR PARTNERS LP,634,47.66K,0,NO CHANGE,0.02%
86280R803,SSUS,STRATEGY SHS,1149,46.78K,0,NO CHANGE,0.02%
008492100,ADC,AGREE RLTY CORP,600,46.31K,0,NO CHANGE,0.02%
075887109,BDX,BECTON DICKINSON & CO,200,45.81K,0,NO CHANGE,0.02%
126650100,CVS,CVS HEALTH CORP,665,45.05K,0,NO CHANGE,0.02%
369604301,GE,GE AEROSPACE,224,44.83K,0,NO CHANGE,0.02%
209115104,ED,CONSOLIDATED EDISON INC,400,44.24K,0,NO CHANGE,0.02%
464288273,SCZ,ISHARES TR,688,43.71K,0,NO CHANGE,0.02%
H1467J104,CB,CHUBB LIMITED,140,42.28K,0,NO CHANGE,0.02%
92556V106,VTRS,VIATRIS INC,4809,41.89K,0,NO CHANGE,0.02%
969457100,WMB,WILLIAMS COS INC,690,41.23K,0,NO CHANGE,0.02%
808524847,SCHH,SCHWAB STRATEGIC TR,1908,41.04K,0,NO CHANGE,0.02%
806857108,SLB,SCHLUMBERGER LTD,950,39.71K,0,NO CHANGE,0.02%
47103U845,JAAA,JANUS DETROIT STR TR,778,39.45K,0,NO CHANGE,0.02%
33939L795,NFRA,FLEXSHARES TR,682,39.31K,0,NO CHANGE,0.02%
464287168,DVY,ISHARES TR,289,38.81K,0,NO CHANGE,0.02%
337738108,FI,FISERV INC,171,37.76K,0,NO CHANGE,0.02%
26884L109,EQT,EQT CORP,700,37.4K,0,NO CHANGE,0.02%
26614N102,DD,DUPONT DE NEMOURS INC,500,37.34K,0,NO CHANGE,0.02%
459200101,IBM,INTERNATIONAL BUSINESS MACHS,150,37.3K,0,NO CHANGE,0.02%
253868103,DLR,DIGITAL RLTY TR INC,260,37.26K,0,NO CHANGE,0.02%
316092873,FCOM,FIDELITY COVINGTON TRUST,662,37.24K,0,NO CHANGE,0.02%
29250N105,ENB,ENBRIDGE INC,834,36.95K,0,NO CHANGE,0.02%
46138E362,SPHD,INVESCO EXCH TRADED FD TR II,724,36.37K,0,NO CHANGE,0.02%
879105104,THQ,ABRDN HEALTHCARE OPPORTUNITI,1745,36.02K,0,NO CHANGE,0.02%
922042874,VGK,VANGUARD INTL EQUITY INDEX F,496,34.82K,0,NO CHANGE,0.02%
482480100,KLAC,KLA CORP,51,34.67K,0,NO CHANGE,0.02%
038222105,AMAT,APPLIED MATLS INC,230,33.38K,0,NO CHANGE,0.02%
92189F106,GDX,VANECK ETF TRUST,700,32.18K,0,NO CHANGE,0.02%
316092600,FHLC,FIDELITY COVINGTON TRUST,465,31.77K,0,NO CHANGE,0.02%
79466L302,CRM,SALESFORCE INC,116,31.13K,0,NO CHANGE,0.02%
92204A306,VDE,VANGUARD WORLD FD,239,31K,0,NO CHANGE,0.02%
808524698,SCHI,SCHWAB STRATEGIC TR,1378,30.95K,0,NO CHANGE,0.02%
701094104,PH,PARKER-HANNIFIN CORP,49,29.79K,0,NO CHANGE,0.01%
92204A884,VOX,VANGUARD WORLD FD,200,29.68K,0,NO CHANGE,0.01%
22052L104,CTVA,CORTEVA INC,470,29.58K,0,NO CHANGE,0.01%
78464A763,SDY,SPDR SER TR,215,29.17K,0,NO CHANGE,0.01%
G9618E107,WTM,WHITE MTNS INS GROUP LTD,15,28.89K,0,NO CHANGE,0.01%
872590104,TMUS,T-MOBILE US INC,100,26.67K,0,NO CHANGE,0.01%
872540109,TJX,TJX COS INC NEW,218,26.55K,0,NO CHANGE,0.01%
46432F339,QUAL,ISHARES TR,154,26.32K,0,NO CHANGE,0.01%
595112103,MU,MICRON TECHNOLOGY INC,300,26.07K,0,NO CHANGE,0.01%
81369Y209,XLV,SELECT SECTOR SPDR TR,175,25.55K,0,NO CHANGE,0.01%
46090A879,VRIG,INVESCO ACTIVELY MANAGED EXC,1000,25.08K,0,NO CHANGE,0.01%
125523100,CI,THE CIGNA GROUP,76,25K,0,NO CHANGE,0.01%
55087P104,LYFT,LYFT INC,2100,24.93K,0,NO CHANGE,0.01%
464287614,IWF,ISHARES TR,69,24.91K,0,NO CHANGE,0.01%
136385101,CNQ,CANADIAN NAT RES LTD,800,24.64K,0,NO CHANGE,0.01%
921910816,MGK,VANGUARD WORLD FD,79,24.4K,0,NO CHANGE,0.01%
380237107,GDDY,GODADDY INC,135,24.32K,0,NO CHANGE,0.01%
85207H104,PHYS,SPROTT PHYSICAL GOLD TR,1000,24.06K,0,NO CHANGE,0.01%
571903202,MAR,MARRIOTT INTL INC NEW,100,23.82K,0,NO CHANGE,0.01%
37940X102,GPN,GLOBAL PMTS INC,235,23.01K,0,NO CHANGE,0.01%
237194105,DRI,DARDEN RESTAURANTS INC,110,22.85K,0,NO CHANGE,0.01%
81369Y506,XLE,SELECT SECTOR SPDR TR,243,22.71K,0,NO CHANGE,0.01%
268158201,DVAX,DYNAVAX TECHNOLOGIES CORP,1750,22.7K,0,NO CHANGE,0.01%
31620M106,FIS,FIDELITY NATL INFORMATION SV,300,22.4K,0,NO CHANGE,0.01%
902973304,USB,US BANCORP DEL,530,22.38K,0,NO CHANGE,0.01%
020002101,ALL,ALLSTATE CORP,108,22.36K,0,NO CHANGE,0.01%
464287234,EEM,ISHARES TR,500,21.85K,0,NO CHANGE,0.01%
7591EP100,RF,REGIONS FINANCIAL CORP NEW,1000,21.73K,0,NO CHANGE,0.01%
45866F104,ICE,INTERCONTINENTAL EXCHANGE IN,125,21.56K,0,NO CHANGE,0.01%
003263100,GLTR,ABRDN PRECIOUS METALS BASKET,165,21.36K,0,NO CHANGE,0.01%
02376R102,AAL,AMERICAN AIRLS GROUP INC,2000,21.1K,0,NO CHANGE,0.01%
N53745100,LYB,LYONDELLBASELL INDUSTRIES N,297,20.91K,0,NO CHANGE,0.01%
95766R104,WIW,WESTERN AST INFL LKD OPP & I,2364,20.78K,0,NO CHANGE,0.01%
20825C104,COP,CONOCOPHILLIPS,197,20.69K,0,NO CHANGE,0.01%
570535104,MKL,MARKEL GROUP INC,11,20.57K,0,NO CHANGE,0.01%
V7780T103,RCL,ROYAL CARIBBEAN GROUP,100,20.54K,0,NO CHANGE,0.01%
018802108,LNT,ALLIANT ENERGY CORP,310,19.95K,0,NO CHANGE,<.01%
695156109,PKG,PACKAGING CORP AMER,100,19.8K,0,NO CHANGE,<.01%
46434G822,EWJ,ISHARES INC,287,19.68K,0,NO CHANGE,<.01%
316092501,FNCL,FIDELITY COVINGTON TRUST,283,19.67K,0,NO CHANGE,<.01%
15135U109,CVE,CENOVUS ENERGY INC,1400,19.47K,0,NO CHANGE,<.01%
666807102,NOC,NORTHROP GRUMMAN CORP,38,19.46K,0,NO CHANGE,<.01%
886364769,SPRE,TIDAL ETF TR,993,19.38K,0,NO CHANGE,<.01%
278865100,ECL,ECOLAB INC,75,19.01K,0,NO CHANGE,<.01%
464288687,PFF,ISHARES TR,610,18.75K,0,NO CHANGE,<.01%
98389B100,XEL,XCEL ENERGY INC,264,18.69K,0,NO CHANGE,<.01%
670346105,NUE,NUCOR CORP,150,18.05K,0,NO CHANGE,<.01%
64133Q108,NBXG,NEUBERGER BERMAN NEXT GENERA,1473,18.04K,0,NO CHANGE,<.01%
25746U109,D,DOMINION ENERGY INC,320,17.94K,0,NO CHANGE,<.01%
316092402,FENY,FIDELITY COVINGTON TRUST,701,17.91K,0,NO CHANGE,<.01%
922042866,VPL,VANGUARD INTL EQUITY INDEX F,245,17.75K,0,NO CHANGE,<.01%
015271109,ARE,ALEXANDRIA REAL ESTATE EQ IN,190,17.58K,0,NO CHANGE,<.01%
922042718,VSS,VANGUARD INTL EQUITY INDEX F,152,17.57K,0,NO CHANGE,<.01%
33738R506,RDVY,FIRST TR EXCHANGE TRADED FD,300,17.56K,0,NO CHANGE,<.01%
67103H107,ORLY,OREILLY AUTOMOTIVE INC,12,17.19K,0,NO CHANGE,<.01%
22822V101,CCI,CROWN CASTLE INC,164,17.09K,0,NO CHANGE,<.01%
959802109,WU,WESTERN UN CO,1609,17.02K,0,NO CHANGE,<.01%
316092709,FIDU,FIDELITY COVINGTON TRUST,245,16.77K,0,NO CHANGE,<.01%
78464A631,XAR,SPDR SER TR,104,16.71K,0,NO CHANGE,<.01%
366651107,IT,GARTNER INC,39,16.37K,0,NO CHANGE,<.01%
316092204,FDIS,FIDELITY COVINGTON TRUST,192,16.23K,0,NO CHANGE,<.01%
464287499,IWR,ISHARES TR,190,16.16K,0,NO CHANGE,<.01%
14040H105,COF,CAPITAL ONE FINL CORP,90,16.14K,0,NO CHANGE,<.01%
316092303,FSTA,FIDELITY COVINGTON TRUST,308,15.75K,0,NO CHANGE,<.01%
46138E354,SPLV,INVESCO EXCH TRADED FD TR II,206,15.39K,0,NO CHANGE,<.01%
78464A359,CWB,SPDR SER TR,200,15.32K,0,NO CHANGE,<.01%
H42097107,UBS,UBS GROUP AG,500,15.31K,0,NO CHANGE,<.01%
97717Y527,USFR,WISDOMTREE TR,300,15.1K,0,NO CHANGE,<.01%
68622V106,OGN,ORGANON & CO,1011,15.05K,0,NO CHANGE,<.01%
446150104,HBAN,HUNTINGTON BANCSHARES INC,1000,15.01K,0,NO CHANGE,<.01%
25179M103,DVN,DEVON ENERGY CORP NEW,400,14.96K,0,NO CHANGE,<.01%
219350105,GLW,CORNING INC,321,14.7K,0,NO CHANGE,<.01%
311900104,FAST,FASTENAL CO,188,14.58K,0,NO CHANGE,<.01%
36465A109,GGN,GAMCO GLOBAL GOLD NAT RES &,3333,14.56K,0,NO CHANGE,<.01%
78467Y107,MDY,SPDR S&P MIDCAP 400 ETF TR,27,14.4K,0,NO CHANGE,<.01%
03743Q108,APA,APA CORPORATION,681,14.31K,0,NO CHANGE,<.01%
G491BT108,IVZ,INVESCO LTD,934,14.17K,0,NO CHANGE,<.01%
75281A109,RRC,RANGE RES CORP,350,13.98K,0,NO CHANGE,<.01%
808524706,SCHE,SCHWAB STRATEGIC TR,500,13.79K,0,NO CHANGE,<.01%
12514G108,CDW,CDW CORP,86,13.78K,0,NO CHANGE,<.01%
778296103,ROST,ROSS STORES INC,107,13.67K,0,NO CHANGE,<.01%
501044101,KR,KROGER CO,200,13.54K,0,NO CHANGE,<.01%
92204A876,VPU,VANGUARD WORLD FD,79,13.49K,0,NO CHANGE,<.01%
01609W102,BABA,ALIBABA GROUP HLDG LTD,100,13.22K,0,NO CHANGE,<.01%
030420103,AWK,AMERICAN WTR WKS CO INC NEW,89,13.13K,0,NO CHANGE,<.01%
09260U109,BCAT,BLACKROCK CAP ALLOCATION TER,876,12.61K,0,NO CHANGE,<.01%
573874104,MRVL,MARVELL TECHNOLOGY INC,200,12.31K,0,NO CHANGE,<.01%
46432F388,VLUE,ISHARES TR,115,12.27K,0,NO CHANGE,<.01%
34964C106,FBIN,FORTUNE BRANDS INNOVATIONS I,200,12.18K,0,NO CHANGE,<.01%
617446448,MS,MORGAN STANLEY,103,12.02K,0,NO CHANGE,<.01%
867975104,SNRE,SUNRISE COMMUNICATIONS AG,248,11.98K,0,NO CHANGE,<.01%
573284106,MLM,MARTIN MARIETTA MATLS INC,25,11.95K,0,NO CHANGE,<.01%
808513105,SCHW,SCHWAB CHARLES CORP,149,11.66K,0,NO CHANGE,<.01%
867224107,SU,SUNCOR ENERGY INC NEW,300,11.62K,0,NO CHANGE,<.01%
G8473T100,STE,STERIS PLC,50,11.33K,0,NO CHANGE,<.01%
97717W851,DXJ,WISDOMTREE TR,101,11.13K,0,NO CHANGE,<.01%
92204A108,VCR,VANGUARD WORLD FD,34,11.07K,0,NO CHANGE,<.01%
37954Y483,QYLD,GLOBAL X FDS,655,10.89K,0,NO CHANGE,<.01%
46434V738,IEUR,ISHARES TR,181,10.89K,0,NO CHANGE,<.01%
896239100,TRMB,TRIMBLE INC,157,10.31K,0,NO CHANGE,<.01%
19248A109,UTF,COHEN & STEERS INFRASTRUCTUR,394,10.07K,0,NO CHANGE,<.01%
84612A101,SPTE,SP FUNDS TRUST,386,9.76K,0,NO CHANGE,<.01%
46090F100,PDBC,INVESCO ACTVELY MNGD ETC FD,715,9.74K,0,NO CHANGE,<.01%
89400J107,TRU,TRANSUNION,116,9.63K,0,NO CHANGE,<.01%
911312106,UPS,UNITED PARCEL SERVICE INC,86,9.46K,0,NO CHANGE,<.01%
G5960L103,MDT,MEDTRONIC PLC,103,9.26K,0,NO CHANGE,<.01%
78409V104,SPGI,S&P GLOBAL INC,18,9.15K,0,NO CHANGE,<.01%
464287200,IVV,ISHARES TR,16,8.99K,0,NO CHANGE,<.01%
879369106,TFX,TELEFLEX INCORPORATED,59,8.15K,0,NO CHANGE,<.01%
84612A200,SPWO,SP FUNDS TRUST,366,8.04K,0,NO CHANGE,<.01%
464288513,HYG,ISHARES TR,100,7.89K,0,NO CHANGE,<.01%
92345Y106,VRSK,VERISK ANALYTICS INC,26,7.74K,0,NO CHANGE,<.01%
824348106,SHW,SHERWIN WILLIAMS CO,22,7.68K,0,NO CHANGE,<.01%
464287556,IBB,ISHARES TR,60,7.67K,0,NO CHANGE,<.01%
464285204,IAU,ISHARES GOLD TR,130,7.67K,0,NO CHANGE,<.01%
031100100,AME,AMETEK INC,44,7.57K,0,NO CHANGE,<.01%
G61188127,LBTYK,LIBERTY GLOBAL LTD,622,7.45K,0,NO CHANGE,<.01%
G61188101,LBTYA,LIBERTY GLOBAL LTD,622,7.16K,0,NO CHANGE,<.01%
803054204,SAP,SAP SE,26,6.98K,0,NO CHANGE,<.01%
45687V106,IR,INGERSOLL RAND INC,81,6.48K,0,NO CHANGE,<.01%
464287804,IJR,ISHARES TR,60,6.27K,0,NO CHANGE,<.01%
515098101,LSTR,LANDSTAR SYS INC,40,6.01K,0,NO CHANGE,<.01%
35086T109,FCPT,FOUR CORNERS PPTY TR INC,209,6K,0,NO CHANGE,<.01%
904767704,UL,UNILEVER PLC,100,5.96K,0,NO CHANGE,<.01%
92343E102,VRSN,VERISIGN INC,23,5.84K,0,NO CHANGE,<.01%
013872106,AA,ALCOA CORP,189,5.76K,0,NO CHANGE,<.01%
74935Q107,RBA,RB GLOBAL INC,56,5.62K,0,NO CHANGE,<.01%
04316A108,APAM,ARTISAN PARTNERS ASSET MGMT,137,5.36K,0,NO CHANGE,<.01%
052769106,ADSK,AUTODESK INC,20,5.24K,0,NO CHANGE,<.01%
128030202,CALM,CAL MAINE FOODS INC,56,5.09K,0,NO CHANGE,<.01%
68375N103,OPK,OPKO HEALTH INC,3000,4.98K,0,NO CHANGE,<.01%
808524797,SCHD,SCHWAB STRATEGIC TR,174,4.87K,0,NO CHANGE,<.01%
46138G508,BKLN,INVESCO EXCH TRADED FD TR II,233,4.82K,0,NO CHANGE,<.01%
92204A207,VDC,VANGUARD WORLD FD,22,4.81K,0,NO CHANGE,<.01%
G50871105,JAZZ,JAZZ PHARMACEUTICALS PLC,36,4.47K,0,NO CHANGE,<.01%
235851102,DHR,DANAHER CORPORATION,21,4.3K,0,NO CHANGE,<.01%
11133T103,BR,BROADRIDGE FINL SOLUTIONS IN,17,4.12K,0,NO CHANGE,<.01%
74348T102,PSEC,PROSPECT CAP CORP,1000,4.1K,0,NO CHANGE,<.01%
143658300,CCL,CARNIVAL CORP,200,3.91K,0,NO CHANGE,<.01%
058498106,BALL,BALL CORP,75,3.9K,0,NO CHANGE,<.01%
92204A801,VAW,VANGUARD WORLD FD,20,3.78K,0,NO CHANGE,<.01%
001228501,MITT,AG MTG INVT TR INC,516,3.77K,0,NO CHANGE,<.01%
086516101,BBY,BEST BUY INC,47,3.46K,0,NO CHANGE,<.01%
403949100,DINO,HF SINCLAIR CORP,102,3.35K,0,NO CHANGE,<.01%
881624209,TEVA,TEVA PHARMACEUTICAL INDS LTD,200,3.07K,0,NO CHANGE,<.01%
889478103,TOL,TOLL BROTHERS INC,29,3.06K,0,NO CHANGE,<.01%
92206C664,VTWO,VANGUARD SCOTTSDALE FDS,36,2.9K,0,NO CHANGE,<.01%
381430503,GSLC,GOLDMAN SACHS ETF TR,26,2.86K,0,NO CHANGE,<.01%
500472303,PHG,KONINKLIJKE PHILIPS N V,107,2.72K,0,NO CHANGE,<.01%
57638P104,MBC,MASTERBRAND INC,200,2.61K,0,NO CHANGE,<.01%
46138B103,DBC,INVESCO DB COMMDY INDX TRCK,113,2.54K,0,NO CHANGE,<.01%
406216101,HAL,HALLIBURTON CO,100,2.54K,0,NO CHANGE,<.01%
G8726X106,TNK,TEEKAY TANKERS LTD,63,2.41K,0,NO CHANGE,<.01%
86765K109,SUN,SUNOCO LP/SUNOCO FIN CORP,40,2.32K,0,NO CHANGE,<.01%
680665205,OLN,OLIN CORP,82,1.99K,0,NO CHANGE,<.01%
90187B804,TWO,TWO HBRS INVT CORP,125,1.67K,0,NO CHANGE,<.01%
30190A104,FG,F&G ANNUITIES & LIFE INC,34,1.23K,0,NO CHANGE,<.01%
381430107,GSIE,GOLDMAN SACHS ETF TR,29,1.03K,0,NO CHANGE,<.01%
38741L107,GPMT,GRANITE PT MTG TR INC,395,1.03K,0,NO CHANGE,<.01%
922908512,VOE,VANGUARD INDEX FDS,6,963,0,NO CHANGE,<.01%
922908611,VBR,VANGUARD INDEX FDS,5,931,0,NO CHANGE,<.01%
20451N101,CMP,COMPASS MINERALS INTL INC,100,929,0,NO CHANGE,<.01%
40049J206,TV,GRUPO TELEVISA S A B,500,875,0,NO CHANGE,<.01%
675746606,ONIT,ONITY GROUP INC,27,873,0,NO CHANGE,<.01%
45166A102,IDYA,IDEAYA BIOSCIENCES INC,50,819,0,NO CHANGE,<.01%
138035704,CGC,CANOPY GROWTH CORP,875,797,0,NO CHANGE,<.01%
G9001E102,LILA,LIBERTY LATIN AMERICA LTD,108,684,0,NO CHANGE,<.01%
G9001E128,LILAK,LIBERTY LATIN AMERICA LTD,108,671,0,NO CHANGE,<.01%
G4863A108,BRSL,INTERNATIONAL GAME TECHNOLOG,36,585,0,NO CHANGE,<.01%
381430602,GSSC,GOLDMAN SACHS ETF TR,6,381,0,NO CHANGE,<.01%
78468R739,SHM,SPDR SER TR,6,286,0,NO CHANGE,<.01%
N97284108,NBIS,NEBIUS GROUP N.V.,12,253,0,NO CHANGE,<.01%
150837607,CVM,CEL-SCI CORP,800,184,0,NO CHANGE,<.01%
381430206,GEM,GOLDMAN SACHS ETF TR,4,133,0,NO CHANGE,<.01%
464288414,MUB,ISHARES TR,1,105,0,NO CHANGE,<.01%
921937827,BSV,VANGUARD BD INDEX FDS,1,78,0,NO CHANGE,<.01%
34965K107,FTRE,FORTREA HLDGS INC,10,76,0,NO CHANGE,<.01%
G9310A122,UTSI,UTSTARCOM HOLDINGS CORP,25,63,0,NO CHANGE,<.01%
05156X850,ACB,AURORA CANNABIS INC,12,53,0,NO CHANGE,<.01%
922042676,VNQI,VANGUARD INTL EQUITY INDEX F,1,40,0,NO CHANGE,<.01%
00301W105,AEF,ABRDN EMERGING MARKETS EX CH,6,30,0,NO CHANGE,<.01%
52886N406,LEXX,LEXARIA BIOSCIENCE CORP,13,22,0,NO CHANGE,<.01%
90137F400,XXII,22ND CENTY GROUP INC,1,1,0,NO CHANGE,<.01%
96328L205,UP,WHEELS UP EXPERIENCE INC,2775,2.8K,-50,-1.8%,<.01%
68620P705,OGI,ORGANIGRAM HLDGS INC,0,0,-81,CLOSE,0%
499238103,KNW,KNOW LABS INC,0,0,-740,CLOSE,0%
74982T103,RXO,RXO INC,3310,63.22K,-955,-1.5%,0.03%
345370860,F,FORD MTR CO,11100,111.33K,-1.5K,-1.3%,0.06%
96524V106,WHF,WHITEHORSE FIN INC,82931,800.28K,-1.69K,-0.2%,0.4%
443201108,HWM,HOWMET AEROSPACE INC,220,28.54K,-2.08K,-6.8%,0.01%
539830109,LMT,LOCKHEED MARTIN CORP,2126,949.71K,-2.23K,-0.2%,0.47%
194162103,CL,COLGATE PALMOLIVE CO,3378,316.52K,-2.34K,-0.7%,0.16%
934423104,WBD,WARNER BROS DISCOVERY INC,7098,76.16K,-2.58K,-3.3%,0.04%
032108631,MJ,AMPLIFY ETF TR,0,0,-2.91K,CLOSE,0%
742718109,PG,PROCTER AND GAMBLE CO,21766,3.71M,-4.26K,-0.1%,1.8%
637417106,NNN,NNN REIT INC,8450,360.39K,-4.26K,-1.2%,0.18%
126408103,CSX,CSX CORP,12800,376.7K,-4.41K,-1.2%,0.19%
164651101,CHMI,CHERRY HILL MTG INVT CORP,28865,95.25K,-4.98K,-5%,0.05%
16934Q802,CIM,CHIMERA INVT CORP,8018,102.87K,-5.34K,-4.9%,0.05%
983793100,XPO,XPO INC,3119,335.54K,-5.38K,-1.6%,0.17%
88160R101,TSLA,TESLA INC,530,137.35K,-5.44K,-3.8%,0.07%
760759100,RSG,REPUBLIC SVCS INC,9715,2.35M,-6.05K,-0.3%,1.2%
244199105,DE,DEERE & CO,3523,1.65M,-6.1K,-0.4%,0.82%
580135101,MCD,MCDONALDS CORP,14990,4.68M,-6.25K,-0.1%,2.3%
389930207,BTC,GRAYSCALE BITCOIN MINI TR ET,1919,70.02K,-6.57K,-8.6%,0.03%
26142V105,DKNG,DRAFTKINGS INC NEW,16450,546.3K,-6.64K,-1.2%,0.27%
02079K305,GOOGL,ALPHABET INC,16002,2.47M,-6.96K,-0.3%,1.2%
191216100,KO,COCA COLA CO,44562,3.19M,-7.16K,-0.2%,1.6%
G51502105,JCI,JOHNSON CTLS INTL PLC,450,36.05K,-10.41K,-22.4%,0.02%
134429109,CPB,THE CAMPBELLS COMPANY,0,0,-11.22K,CLOSE,0%
36266G107,GEHC,GE HEALTHCARE TECHNOLOGIES I,2520,203.39K,-12.11K,-5.6%,0.1%
46625H100,JPM,JPMORGAN CHASE & CO.,22199,5.45M,-12.27K,-0.2%,2.7%
17275R102,CSCO,CISCO SYS INC,1300,80.22K,-12.34K,-13.3%,0.04%
73688F201,BCIC,PORTMAN RIDGE FIN CORP,61135,877.29K,-13.85K,-1.6%,0.43%
478160104,JNJ,JOHNSON & JOHNSON,13455,2.23M,-14.1K,-0.6%,1.1%
494368103,KMB,KIMBERLY-CLARK CORP,2213,314.74K,-14.22K,-4.3%,0.16%
254687106,DIS,DISNEY WALT CO,7471,737.39K,-14.31K,-1.9%,0.36%
437076102,HD,HOME DEPOT INC,16312,5.98M,-14.66K,-0.2%,3%
74347G192,SQQQ,PROSHARES TR,500,19.17K,-15.34K,-44.4%,<.01%
288578107,EARN,ELLINGTON CREDIT COMPANY,71650,387.63K,-16.23K,-4%,0.19%
57636Q104,MA,MASTERCARD INCORPORATED,5894,3.23M,-19.18K,-0.6%,1.6%
829933100,SIRI,SIRIUSXM HOLDINGS INC,1000,22.55K,-20.43K,-47.5%,0.01%
87612E106,TGT,TARGET CORP,185,19.31K,-20.87K,-51.9%,<.01%
36262G101,GXO,GXO LOGISTICS INCORPORATED,2644,103.33K,-21.49K,-17.2%,0.05%
886364801,SPUS,TIDAL ETF TR,0,0,-25.33K,CLOSE,0%
464287655,IWM,ISHARES TR,1958,390.6K,-26.93K,-6.5%,0.19%
06748M196,VXX,BARCLAYS BANK PLC,4469,230.02K,-27.54K,-10.7%,0.11%
14888U101,CPRX,CATALYST PHARMACEUTICALS INC,416371,10.1M,-28.61K,-0.3%,5%
46641Q332,JEPI,J P MORGAN EXCHANGE TRADED F,35599,2.03M,-29.43K,-1.4%,1%
636274409,NGG,NATIONAL GRID PLC,183,12.01K,-30.71K,-71.9%,<.01%
912909108,X,UNITED STATES STL CORP NEW,1000,42.26K,-42.26K,-50%,0.02%
50077B207,KTOS,KRATOS DEFENSE & SEC SOLUTIO,28050,832.8K,-44.53K,-5.1%,0.41%
169656105,CMG,CHIPOTLE MEXICAN GRILL INC,61625,3.09M,-52.72K,-1.7%,1.5%
74347R107,SSO,PROSHARES TR,3670,303.8K,-58.77K,-16.2%,0.15%
886364702,SPSK,TIDAL ETF TR,0,0,-71.32K,CLOSE,0%
92840M102,VST,VISTRA CORP,2275,267.18K,-82.21K,-23.5%,0.13%
90353T100,UBER,UBER TECHNOLOGIES INC,16300,1.19M,-84.52K,-6.6%,0.59%
502431109,LHX,L3HARRIS TECHNOLOGIES INC,200,41.86K,-88.96K,-68%,0.02%
92826C839,V,VISA INC,11716,4.11M,-99.88K,-2.4%,2%
464288612,GVI,ISHARES TR,0,0,-104.23K,CLOSE,0%
037833100,AAPL,APPLE INC,61410,13.64M,-107.73K,-0.8%,6.7%
009158106,APD,AIR PRODS & CHEMS INC,300,88.48K,-117.97K,-57.1%,0.04%
007903107,AMD,ADVANCED MICRO DEVICES INC,2130,218.84K,-143.84K,-39.7%,0.11%
69608A108,PLTR,PALANTIR TECHNOLOGIES INC,79920,6.75M,-146.01K,-2.1%,3.3%
67066G104,NVDA,NVIDIA CORPORATION,117205,12.7M,-2.07M,-14%,6.3%
Total,,,,202.3M,-4.96M,-2.4%,100%
